user_id,street,suite,city,zipcode
1,Kulas Light,Apt. 556,Gwenborough,92998-3874
1,Kulas Light,Apt. 556,Gwenborough,92998-3874
1,Kulas Light,Apt. 556,Gwenborough,92998-3874
1,Kulas Light,Apt. 556,Gwenborough,92998-3874
2,Victor Plains,Suite 879,Wisokyburgh,90566-7771
2,Victor Plains,Suite 879,Wisokyburgh,90566-7771
2,Victor Plains,Suite 879,Wisokyburgh,90566-7771
2,Victor Plains,Suite 879,Wisokyburgh,90566-7771
3,Douglas Extension,Suite 847,McKenziehaven,59590-4157
3,Douglas Extension,Suite 847,McKenziehaven,59590-4157
3,Douglas Extension,Suite 847,McKenziehaven,59590-4157
3,Douglas Extension,Suite 847,McKenziehaven,59590-4157
4,Hoeger Mall,Apt. 692,South Elvis,53919-4257
4,Hoeger Mall,Apt. 692,South Elvis,53919-4257
4,Hoeger Mall,Apt. 692,South Elvis,53919-4257
4,Hoeger Mall,Apt. 692,South Elvis,53919-4257
5,Skiles Walks,Suite 351,Roscoeview,33263
5,Skiles Walks,Suite 351,Roscoeview,33263
5,Skiles Walks,Suite 351,Roscoeview,33263
5,Skiles Walks,Suite 351,Roscoeview,33263
6,Norberto Crossing,Apt. 950,South Christy,23505-1337
6,Norberto Crossing,Apt. 950,South Christy,23505-1337
6,Norberto Crossing,Apt. 950,South Christy,23505-1337
6,Norberto Crossing,Apt. 950,South Christy,23505-1337
7,Rex Trail,Suite 280,Howemouth,58804-1099
7,Rex Trail,Suite 280,Howemouth,58804-1099
7,Rex Trail,Suite 280,Howemouth,58804-1099
7,Rex Trail,Suite 280,Howemouth,58804-1099
8,Ellsworth Summit,Suite 729,Aliyaview,45169
8,Ellsworth Summit,Suite 729,Aliyaview,45169
8,Ellsworth Summit,Suite 729,Aliyaview,45169
8,Ellsworth Summit,Suite 729,Aliyaview,45169
9,Dayna Park,Suite 449,Bartholomebury,76495-3109
9,Dayna Park,Suite 449,Bartholomebury,76495-3109
9,Dayna Park,Suite 449,Bartholomebury,76495-3109
9,Dayna Park,Suite 449,Bartholomebury,76495-3109
10,Kattie Turnpike,Suite 198,Lebsackbury,31428-2261
10,Kattie Turnpike,Suite 198,Lebsackbury,31428-2261
10,Kattie Turnpike,Suite 198,Lebsackbury,31428-2261
10,Kattie Turnpike,Suite 198,Lebsackbury,31428-2261
